{"cameraMode":{"drawMode":0,"name":"Shaded","section":"Shading Mode"},"sceneLighting":false,"audioPlay":false,"sceneViewState":{"showFog":true,"showMaterialUpdate":false,"showSkybox":true,"showFlares":true,"showImageEffects":true,"showParticleSystems":true},"in2DMode":false,"pivot":{"x":15.945741653442383,"y":-6.756256103515625,"z":38.12784957885742},"rotation":{"x":0.505045473575592,"y":-0.4948330819606781,"z":0.507779061794281,"w":0.49216851592063906},"size":100.85614776611328,"orthographic":false}