{"cameraMode":{"drawMode":0,"name":"Shaded","section":"Shading Mode"},"sceneLighting":false,"audioPlay":false,"sceneViewState":{"showFog":true,"showMaterialUpdate":false,"showSkybox":true,"showFlares":true,"showImageEffects":true,"showParticleSystems":true},"in2DMode":false,"pivot":{"x":-1.7151763439178467,"y":1.613285779953003,"z":-2.8488008975982668},"rotation":{"x":-0.07429078221321106,"y":-0.9192550778388977,"z":0.21069686114788056,"w":-0.32412639260292055},"size":6.71891450881958,"orthographic":false}