{"cameraMode":{"drawMode":0,"name":"Shaded","section":"Shading Mode"},"sceneLighting":false,"audioPlay":false,"sceneViewState":{"showFog":true,"showMaterialUpdate":false,"showSkybox":true,"showFlares":true,"showImageEffects":true,"showParticleSystems":true},"in2DMode":false,"pivot":{"x":-2.384185791015625e-7,"y":1.3441722393035889,"z":-0.2800217270851135},"rotation":{"x":-0.0014134853845462204,"y":0.9952582716941834,"z":-0.09615059196949005,"w":-0.014630550518631935},"size":6.71891450881958,"orthographic":false}