{"cameraMode":{"drawMode":0,"name":"Shaded","section":"Shading Mode"},"sceneLighting":false,"audioPlay":false,"sceneViewState":{"showFog":true,"showMaterialUpdate":false,"showSkybox":true,"showFlares":true,"showImageEffects":true,"showParticleSystems":true},"in2DMode":false,"pivot":{"x":4.527010917663574,"y":103.51538848876953,"z":0.3354454040527344},"rotation":{"x":0.015250283293426037,"y":-0.9695984721183777,"z":0.23605653643608094,"w":0.06263923645019531},"size":17.614009857177736,"orthographic":false}