{"cameraMode":{"drawMode":0,"name":"Shaded","section":"Shading Mode"},"sceneLighting":false,"audioPlay":false,"sceneViewState":{"showFog":true,"showMaterialUpdate":false,"showSkybox":true,"showFlares":true,"showImageEffects":true,"showParticleSystems":true},"in2DMode":false,"pivot":{"x":-2.384185791015625e-7,"y":1.3441722393035889,"z":-0.2800217270851135},"rotation":{"x":-0.1384945511817932,"y":-0.8001302480697632,"z":0.20244325697422028,"w":-0.5473825931549072},"size":6.71891450881958,"orthographic":false}