{"cameraMode":{"drawMode":0,"name":"Shaded","section":"Shading Mode"},"sceneLighting":false,"audioPlay":false,"sceneViewState":{"showFog":true,"showMaterialUpdate":false,"showSkybox":true,"showFlares":true,"showImageEffects":true,"showParticleSystems":true},"in2DMode":false,"pivot":{"x":-9.37342643737793,"y":-2.8777713775634767,"z":1.4957319498062134},"rotation":{"x":0.26557427644729617,"y":-0.6694788336753845,"z":0.2801484763622284,"w":0.634653627872467},"size":46.89550018310547,"orthographic":false}